{"cameraMode":{"drawMode":0,"name":"Shaded","section":"Shading Mode"},"sceneLighting":true,"audioPlay":false,"sceneViewState":{"m_AlwaysRefresh":false,"showFog":true,"showSkybox":false,"showFlares":true,"showImageEffects":true,"showParticleSystems":true,"showVisualEffectGraphs":true,"m_FxEnabled":true},"in2DMode":false,"pivot":{"x":0.020559757947921754,"y":1.1269301176071168,"z":2.058586597442627},"rotation":{"x":-0.12983669340610505,"y":0.30324336886405947,"z":-0.041747257113456729,"w":-0.9431037306785584},"size":0.663500189781189,"orthographic":false}